{
  "n_items": 36,
  "n_parsed": 36,
  "n_classes": 36,
  "accuracy": 0.3055555555555556,
  "accuracy_ci": [
    0.16666666666666666,
    0.4722222222222222
  ],
  "macro_precision": 0.4417366946778711,
  "macro_recall": 0.3055555555555556,
  "macro_f1": 0.22916666666666666,
  "parse_failure_rate": 0.0,
  "provider_error_rate": 0.0
}