{
  "n_items": 360,
  "n_parsed": 360,
  "n_classes": 36,
  "accuracy": 0.5611111111111111,
  "accuracy_ci": [
    0.5110416666666666,
    0.6111111111111112
  ],
  "macro_f1": 0.5165091196353296,
  "macro_f1_ci": [
    0.4679568197847145,
    0.5490728074379196
  ],
  "parse_failure_rate": 0.0,
  "provider_error_rate": 0.0
}