{
  "n_items": 360,
  "n_parsed": 360,
  "n_classes": 36,
  "accuracy": 0.31666666666666665,
  "accuracy_ci": [
    0.26944444444444443,
    0.36666666666666664
  ],
  "macro_f1": 0.2491665006061735,
  "macro_f1_ci": [
    0.21330702702560728,
    0.2708195849441056
  ],
  "parse_failure_rate": 0.0,
  "provider_error_rate": 0.0
}