{
  "n_items": 360,
  "n_parsed": 360,
  "n_classes": 36,
  "accuracy": 0.3972222222222222,
  "accuracy_ci": [
    0.35,
    0.4444444444444444
  ],
  "balanced_accuracy": 0.39722222222222225,
  "macro_precision": 0.4138357028869155,
  "macro_recall": 0.39722222222222225,
  "macro_f1": 0.35493118261471346,
  "macro_f1_ci": [
    0.30913087914277093,
    0.3849668936136266
  ],
  "mcc": 0.38566749067200023,
  "mcc_ci": [
    0.3374849645746851,
    0.4344025866252556
  ],
  "cohen_kappa": 0.38,
  "parse_failure_rate": 0.0,
  "provider_error_rate": 0.0
}