{
  "n_items": 9,
  "n_parsed": 9,
  "n_classes": 9,
  "accuracy": 0.2222222222222222,
  "accuracy_ci": [
    0.0,
    0.5555555555555556
  ],
  "macro_precision": 0.6,
  "macro_recall": 0.2222222222222222,
  "macro_f1": 0.14814814814814817,
  "parse_failure_rate": 0.0,
  "provider_error_rate": 0.0
}