{
  "n_items": 360,
  "n_parsed": 360,
  "n_classes": 36,
  "accuracy": 0.4527777777777778,
  "accuracy_ci": [
    0.4,
    0.5055555555555555
  ],
  "balanced_accuracy": 0.4527777777777778,
  "macro_precision": 0.4320368674535341,
  "macro_recall": 0.4527777777777778,
  "macro_f1": 0.3862066254739294,
  "macro_f1_ci": [
    0.343178319173175,
    0.41307882141352664
  ],
  "mcc": 0.44589172749470013,
  "mcc_ci": [
    0.39305629491420185,
    0.4977248471959145
  ],
  "cohen_kappa": 0.43714285714285717,
  "parse_failure_rate": 0.0,
  "provider_error_rate": 0.0
}